user_id,experience_level,workout_type_encoded,session_duration_hours,workout_frequency,bmi,age,gender_encoded
0,3,2,0.79333335,0.6666667,0.4763923,0.9268293,0
1,2,3,0.53333336,0.6666667,0.52433616,0.68292683,1
2,2,0,0.40666667,0.6666667,0.33023483,0.34146342,1
3,1,1,0.06,0.33333334,0.16219667,0.17073171,0
4,1,1,0.093333334,0.33333334,0.055044424,0.4878049,0
5,3,3,0.7266667,1.0,0.21927314,0.9268293,1
6,2,0,0.66,0.33333334,0.30490342,0.4390244,0
7,2,0,0.5133333,0.33333334,0.48629358,0.5365854,1
8,2,1,0.35333332,0.6666667,0.5333929,0.24390244,0
9,1,0,0.38666666,0.33333334,0.47295958,0.24390244,0
10,1,3,0.21333334,0.0,0.82598704,0.5609756,0
11,2,3,0.43333334,0.33333334,0.14836368,0.85365856,0
12,2,0,0.49333334,0.33333334,0.8282934,0.9512195,0
13,1,3,0.45333335,0.33333334,0.30122966,0.5609756,0
14,2,2,0.56666666,0.33333334,0.62909335,0.048780486,0
15,1,1,0.42,0.0,0.041445084,0.5121951,1
16,2,3,0.55333334,0.33333334,0.4002378,0.024390243,1
17,1,0,0.46,0.33333334,0.04419302,0.5609756,1
18,2,1,0.42,0.33333334,0.25291693,0.70731705,1
19,1,3,0.58,0.0,0.39022014,0.902439,1
20,2,1,0.6666667,0.6666667,0.4287089,0.024390243,0
21,1,0,0.41333333,0.0,0.2832394,0.4878049,0
22,1,2,0.44666666,0.0,0.34203038,0.7804878,1
23,1,2,0.18666667,0.0,0.68855816,0.2682927,0
24,2,3,0.5,0.6666667,0.27159894,0.5121951,1
25,2,2,0.61333334,0.33333334,0.25217697,0.58536583,1
26,1,3,0.15333334,0.0,0.20790812,0.63414633,0
27,2,1,0.6533333,0.6666667,0.1406541,1.0,0
28,3,3,0.76,1.0,0.32562673,0.6585366,0
29,2,3,0.52666664,0.33333334,0.40813044,0.36585367,1
30,1,3,0.5133333,0.33333334,0.5616169,0.34146342,0
31,2,2,0.35333332,0.6666667,0.4260065,0.048780486,1
32,1,3,0.6533333,0.0,0.18773504,0.8780488,1
33,1,0,0.36,0.0,0.36005494,0.14634146,1
34,3,3,0.68,1.0,0.41350263,0.4878049,0
35,1,1,0.5466667,0.33333334,0.8078551,0.19512194,0
36,2,0,0.50666666,0.6666667,0.32101023,0.9268293,1
37,2,1,0.56,0.33333334,0.5547765,0.41463414,0
38,2,1,0.53333336,0.6666667,0.18084691,0.07317073,0
39,2,1,0.54,0.33333334,0.14527647,0.58536583,0
40,1,0,0.6533333,0.0,0.24199846,0.31707317,1
41,1,0,0.38666666,0.33333334,0.13278356,0.19512194,1
42,2,2,0.6333333,0.6666667,0.57246625,0.6097561,0
43,1,0,0.42666668,0.0,0.30938545,0.024390243,1
44,1,3,0.6666667,0.0,0.74019545,0.46341464,0
45,1,1,0.46666667,0.33333334,0.07963394,0.6585366,0
46,1,2,0.22666667,0.33333334,0.15310346,0.14634146,0
47,1,0,0.6066667,0.0,0.2890757,0.17073171,0
48,1,1,0.48666668,0.33333334,0.2157192,0.8292683,1
49,2,0,0.35333332,0.6666667,0.56723887,0.31707317,1
50,2,2,0.61333334,0.33333334,0.18950674,0.3902439,1
51,3,0,0.78,1.0,0.39603812,0.85365856,0
52,1,0,0.42,0.33333334,0.58257866,0.9512195,0
53,1,1,0.50666666,0.33333334,0.542735,0.07317073,0
54,1,3,0.20666666,0.33333334,0.2787973,0.024390243,1
55,2,0,0.64666665,0.6666667,0.86674213,0.12195122,0
56,2,2,0.6,0.33333334,0.42716005,1.0,1
57,1,0,0.38666666,0.33333334,0.25182095,0.07317073,1
58,3,0,0.78,0.6666667,0.22756797,0.68292683,1
59,1,3,0.04,0.0,0.12451287,0.41463414,1
60,2,1,0.36,0.33333334,0.26998973,0.6097561,1
61,2,2,0.38666666,0.6666667,0.120978765,0.80487806,1
62,3,1,0.8333333,1.0,0.5493054,0.2195122,0
63,2,1,0.48666668,0.33333334,0.12757516,0.85365856,0
64,3,1,0.98,1.0,0.26548293,0.31707317,1
65,1,0,0.08,0.0,0.36149806,0.73170733,1
66,3,3,0.99333334,1.0,0.5658712,0.34146342,0
67,1,0,0.26,0.33333334,0.22794397,0.17073171,1
68,3,2,0.87333333,0.6666667,0.19728726,0.31707317,1
69,2,3,0.5466667,0.6666667,0.71415424,0.5365854,0
70,3,1,0.82,1.0,0.40985686,0.9512195,1
71,2,3,0.64666665,0.33333334,0.36158726,0.4878049,1
72,2,2,0.38,0.6666667,0.07784517,0.36585367,1
73,2,0,0.38666666,0.33333334,0.25467524,0.41463414,0
74,2,0,0.42,0.6666667,0.62719977,0.5609756,0
75,1,1,0.38666666,0.33333334,0.11813948,0.6097561,0
76,1,0,0.58,0.33333334,0.15535785,0.58536583,1
77,1,0,0.086666666,0.0,0.24682516,0.9756098,1
78,1,2,0.45333335,0.0,0.555463,0.68292683,0
79,3,3,0.91333336,1.0,0.33029556,0.34146342,1
80,1,0,0.46666667,0.0,0.13197659,0.0,1
81,3,2,0.85333335,1.0,0.1953572,0.58536583,1
82,1,2,0.24,0.33333334,0.29881367,0.14634146,1
83,1,1,0.38666666,0.0,0.44096982,0.19512194,1
84,2,2,0.42,0.33333334,0.24538021,0.5609756,0
85,2,1,0.5133333,0.6666667,0.18905596,0.0,1
86,2,0,0.56,0.33333334,0.46335134,0.17073171,0
87,2,1,0.6333333,0.6666667,0.28171593,0.5609756,1
88,2,2,0.39333335,0.6666667,0.4608038,0.24390244,0
89,1,3,0.093333334,0.0,0.45864034,0.3902439,1
90,3,3,0.9533333,0.6666667,0.5095565,0.17073171,0
91,3,0,0.8666667,0.6666667,0.24547088,0.8292683,1
92,2,0,0.50666666,0.33333334,0.41388595,0.8292683,0
93,1,3,0.50666666,0.33333334,0.26616272,0.7804878,1
94,2,1,0.5,0.33333334,0.4792572,0.09756097,0
95,1,0,0.053333335,0.33333334,0.26194528,1.0,1
96,1,2,0.52666664,0.0,0.7566927,0.9268293,0
97,1,0,0.55333334,0.33333334,0.6726157,0.9756098,0
98,2,1,0.43333334,0.6666667,0.36589932,0.6585366,1
99,3,0,0.98,0.6666667,0.17149574,0.14634146,1
100,2,2,0.44,0.33333334,0.460653,0.19512194,0
101,2,2,0.66,0.6666667,0.08998489,0.17073171,1
102,2,2,0.46666667,0.33333334,0.27410245,0.2682927,0
103,1,1,0.026666667,0.33333334,0.5909828,0.80487806,0
104,1,1,0.31333333,0.33333334,0.15444498,0.7804878,0
105,3,2,0.86,1.0,0.13905573,0.5365854,1
106,1,2,0.006666667,0.0,0.16901396,0.5609756,0
107,3,1,0.82666665,1.0,0.28691426,0.8780488,0
108,2,1,0.5933333,0.33333334,0.5086316,0.8292683,1
109,2,1,0.34,0.6666667,0.4677617,0.9512195,1
110,2,3,0.62666667,0.33333334,0.24834299,0.5121951,1
111,2,1,0.6066667,0.6666667,0.35604075,0.63414633,1
112,3,2,0.85333335,0.6666667,0.35951924,0.8292683,0
113,3,3,0.81333333,0.6666667,0.29836223,0.0,0
114,2,1,0.34,0.6666667,0.41390955,0.8292683,0
115,1,2,0.033333335,0.33333334,0.3042589,0.8780488,0
116,2,0,0.39333335,0.33333334,0.11196205,0.31707317,1
117,3,3,0.79333335,1.0,0.22815941,0.048780486,0
118,1,2,0.6066667,0.0,0.48497134,0.0,0
119,2,0,0.34666666,0.6666667,0.38181528,0.09756097,1
120,2,2,0.48,0.6666667,0.31558478,0.6097561,0
121,2,1,0.52666664,0.33333334,0.41668755,0.31707317,0
122,1,1,0.33333334,0.0,0.57924634,0.9268293,0
123,2,0,0.52,0.6666667,0.45150012,0.63414633,0
124,3,1,0.98,1.0,0.48556194,0.19512194,0
125,1,2,0.52,0.33333334,0.46979275,0.34146342,0
126,1,0,0.006666667,0.0,0.24222167,0.34146342,1
127,3,2,0.9866667,0.6666667,0.14820547,0.6097561,1
128,1,2,0.10666667,0.33333334,0.58407086,1.0,0
129,3,2,0.74,1.0,0.26945063,0.29268292,0
130,2,1,0.49333334,0.33333334,0.06947627,0.75609756,1
131,1,1,0.12,0.33333334,0.07355791,0.9268293,0
132,3,2,0.94,1.0,0.25192824,0.75609756,0
133,2,3,0.58666664,0.33333334,0.8824932,0.07317073,0
134,2,2,0.61333334,0.6666667,0.158187,0.70731705,1
135,1,2,0.44666666,0.0,0.2750578,0.8780488,0
136,2,0,0.54,0.33333334,0.32448345,0.5365854,1
137,1,2,0.10666667,0.0,0.3259775,0.9268293,0
138,1,1,0.49333334,0.0,0.3875349,0.34146342,1
139,3,0,0.79333335,0.6666667,0.25992772,0.68292683,1
140,1,3,0.26,0.33333334,0.3311294,0.85365856,0
141,2,0,0.50666666,0.6666667,0.47588593,0.29268292,1
142,1,3,0.58666664,0.0,0.51392215,0.75609756,0
143,2,0,0.61333334,0.6666667,0.194786,0.14634146,1
144,1,0,0.31333333,0.33333334,0.2859518,0.5121951,0
145,3,3,0.68666667,0.6666667,0.41601998,0.6585366,0
146,2,1,0.52,0.33333334,0.30025336,0.024390243,1
147,1,1,0.38,0.33333334,0.024137262,1.0,0
148,1,1,0.13333334,0.33333334,0.3551497,0.12195122,0
149,1,0,0.64,0.33333334,0.21918683,0.6585366,1
150,2,2,0.64,0.33333334,0.0592034,0.6585366,0
151,1,0,0.026666667,0.0,0.4438035,0.46341464,0
152,3,2,0.96666664,0.6666667,0.36720616,0.70731705,1
153,2,2,0.5466667,0.33333334,0.20624234,0.24390244,1
154,1,1,0.22,0.0,0.70516485,0.6585366,0
155,2,2,0.61333334,0.6666667,0.09919179,0.58536583,0
156,2,0,0.48666668,0.6666667,0.003908645,0.9268293,1
157,1,0,0.11333334,0.33333334,0.2555277,0.7804878,1
158,1,1,0.53333336,0.0,0.39131537,0.0,0
159,1,3,0.34666666,0.33333334,0.2764138,0.63414633,1
160,2,0,0.38666666,0.33333334,0.7151715,0.29268292,0
161,2,2,0.66,0.33333334,0.46789688,0.9756098,0
162,2,0,0.5733333,0.33333334,0.4094521,0.048780486,0
163,3,0,0.7133333,0.6666667,0.36075032,0.9268293,0
164,3,0,0.7,0.6666667,0.33705294,0.12195122,0
165,2,3,0.36,0.6666667,0.10927994,0.17073171,1
166,3,2,0.72,1.0,0.35333306,0.63414633,1
167,1,1,0.42666668,0.33333334,0.2863861,0.19512194,1
168,1,0,0.5133333,0.0,0.27975088,0.8780488,1
169,1,2,0.28,0.0,0.01897339,0.7804878,0
170,1,2,0.38666666,0.33333334,0.47697094,1.0,0
171,2,1,0.39333335,0.6666667,0.09521486,0.5609756,0
172,3,0,0.68,1.0,0.33440685,0.34146342,0
173,1,3,0.4,0.33333334,0.15607657,0.75609756,1
174,1,2,0.64,0.33333334,0.38508147,0.75609756,0
175,2,1,0.46666667,0.33333334,0.26220286,0.5609756,0
176,3,3,0.72,0.6666667,0.2015223,0.9756098,1
177,1,2,0.12,0.33333334,0.14967968,0.2682927,1
178,2,0,0.4,0.33333334,0.19577888,0.9268293,1
179,1,2,0.36666667,0.33333334,0.1288278,0.024390243,1
180,1,3,0.22,0.33333334,0.6807811,0.048780486,0
181,3,3,0.6933333,1.0,0.315612,0.8780488,0
182,3,0,0.87333333,1.0,0.14967968,0.3902439,1
183,1,0,0.52,0.0,0.4101318,0.024390243,0
184,3,1,0.7733333,0.6666667,0.3405037,0.024390243,0
185,2,0,0.62666667,0.6666667,0.061044414,0.6585366,0
186,3,1,0.91333336,1.0,0.19475599,0.5365854,1
187,2,3,0.46666667,0.6666667,0.5022788,0.8780488,0
188,2,3,0.58,0.33333334,0.27220416,0.75609756,1
189,2,2,0.39333335,0.6666667,0.088736445,0.7804878,0
190,2,2,0.4,0.6666667,0.2317629,0.0,0
191,1,1,0.48666668,0.33333334,0.34901094,0.4390244,0
192,1,0,0.48666668,0.33333334,0.4236994,0.024390243,1
193,1,0,0.55333334,0.0,0.63866156,0.6097561,0
194,2,2,0.35333332,0.33333334,0.06316149,0.75609756,1
195,1,3,0.04,0.33333334,0.118910946,0.12195122,1
196,2,1,0.6333333,0.6666667,0.45945936,0.75609756,1
197,3,3,0.8066667,0.6666667,0.5918981,0.07317073,0
198,1,3,0.45333335,0.33333334,0.15884507,0.24390244,0
199,2,0,0.50666666,0.6666667,0.38405198,0.3902439,0
200,2,1,0.35333332,0.6666667,0.36063886,0.902439,0
201,3,3,0.8933333,1.0,0.3399576,0.5609756,1
202,1,2,0.66,0.33333334,0.2806873,0.09756097,1
203,2,2,0.38666666,0.6666667,0.15988806,0.80487806,1
204,3,0,0.86,0.6666667,0.23556243,0.12195122,0
205,3,2,0.96666664,1.0,0.18108432,0.5121951,1
206,2,2,0.46666667,0.33333334,0.42012912,0.24390244,0
207,2,3,0.45333335,0.6666667,0.26676008,0.36585367,1
208,2,2,0.58,0.6666667,0.105442606,0.7804878,0
209,3,2,0.8066667,0.6666667,0.3354176,0.19512194,0
210,2,3,0.64666665,0.6666667,0.37151387,0.12195122,1
211,1,0,0.38666666,0.33333334,0.38251352,0.36585367,1
212,3,0,0.88666666,0.6666667,0.3319268,0.68292683,1
213,2,1,0.52,0.33333334,0.33691907,0.048780486,1
214,2,2,0.40666667,0.33333334,0.103807434,0.46341464,0
215,1,3,0.49333334,0.33333334,0.43809414,0.85365856,1
216,2,1,0.42,0.6666667,0.23937897,0.4390244,1
217,1,0,0.52,0.0,0.16922773,0.6097561,1
218,2,0,0.56666666,0.6666667,0.4474511,0.048780486,0
219,1,3,0.46,0.0,0.60905707,0.4390244,0
220,2,1,0.47333333,0.33333334,0.29881367,0.46341464,1
221,3,1,0.91333336,0.6666667,0.3040565,0.75609756,0
222,1,3,0.086666666,0.33333334,0.1783586,0.14634146,1
223,3,3,0.7133333,0.6666667,0.29807237,0.9756098,0
224,2,1,0.64,0.33333334,0.542735,0.7804878,0
225,3,0,0.8666667,1.0,0.29866394,0.9512195,0
226,2,2,0.39333335,0.33333334,0.6315376,0.9268293,0
227,2,0,0.33333334,0.6666667,0.33980504,0.41463414,1
228,2,3,0.6333333,0.6666667,0.42176393,0.9512195,1
229,3,1,0.91333336,0.6666667,0.34522867,0.0,1
230,2,1,0.44,0.33333334,0.4464356,0.24390244,0
231,1,2,0.62666667,0.33333334,0.10721363,0.6585366,1
232,2,1,0.52666664,0.33333334,0.112805955,0.58536583,1
233,3,2,0.7,0.6666667,0.23811603,0.5365854,1
234,2,0,0.5733333,0.6666667,0.42935815,0.73170733,0
235,2,0,0.46666667,0.6666667,0.14457548,0.70731705,0
236,2,1,0.42,0.33333334,0.41926873,1.0,0
237,3,1,0.73333335,0.6666667,0.24099173,0.8292683,1
238,1,3,0.32666665,0.0,0.07191499,0.14634146,1
239,2,3,0.52666664,0.6666667,0.4308213,0.36585367,1
240,1,1,0.21333334,0.0,0.5958867,0.6097561,0
241,1,1,0.54,0.0,0.48104694,0.024390243,0
242,1,0,0.40666667,0.0,0.17815009,0.0,1
243,1,1,0.6066667,0.33333334,0.24428512,0.2682927,0
244,2,3,0.44,0.33333334,0.47046813,0.09756097,0
245,1,0,0.18,0.0,0.17470421,0.8780488,0
246,2,2,0.6,0.6666667,0.090494715,0.75609756,0
247,1,3,0.20666666,0.33333334,0.3573158,0.19512194,1
248,1,3,0.39333335,0.0,0.3207968,0.9756098,0
249,1,0,0.28666666,0.0,0.07788243,0.8292683,0
250,1,2,0.55333334,0.33333334,0.34391573,0.4390244,0
251,2,3,0.36,0.33333334,0.8745616,0.36585367,0
252,2,1,0.5933333,0.6666667,0.34747058,0.048780486,1
253,2,3,0.40666667,0.33333334,0.3771156,0.46341464,1
254,2,0,0.34,0.6666667,0.38147798,0.5609756,0
255,1,0,0.54,0.0,0.14375812,0.7804878,0
256,3,0,0.79333335,0.6666667,0.35781783,0.5609756,0
257,2,3,0.55333334,0.6666667,0.5740845,0.24390244,0
258,2,2,0.43333334,0.33333334,0.010815585,0.17073171,0
259,1,1,0.013333334,0.0,0.585517,0.85365856,0
260,1,0,0.37333333,0.0,0.44242743,0.902439,1
261,1,2,0.30666667,0.0,0.9435263,0.9512195,0
262,1,1,0.54,0.33333334,0.26194528,0.46341464,1
263,2,0,0.56,0.33333334,0.20875332,0.8292683,1
264,2,1,0.34,0.33333334,0.38680476,0.58536583,0
265,2,1,0.5733333,0.33333334,0.3806915,0.8292683,1
266,2,2,0.38,0.33333334,0.34718364,0.58536583,1
267,3,1,0.68,0.6666667,0.21476199,0.68292683,1
268,2,0,0.35333332,0.6666667,0.1962892,0.41463414,1
269,3,2,0.75333333,1.0,0.3483913,0.41463414,1
270,1,3,0.6,0.0,0.17179784,0.024390243,1
271,1,3,0.5733333,0.33333334,0.7399235,0.8292683,0
272,1,2,0.28,0.33333334,0.21527843,0.36585367,1
273,2,3,0.41333333,0.33333334,0.32561255,0.9756098,1
274,3,1,0.68,1.0,0.13988751,0.85365856,1
275,1,0,0.20666666,0.0,0.5015658,0.7804878,0
276,3,1,0.98,1.0,0.22490618,0.07317073,1
277,1,2,0.6533333,0.0,0.14098077,0.7804878,0
278,3,0,0.6933333,0.6666667,0.2968518,0.31707317,1
279,1,2,0.2,0.0,0.44997638,0.4878049,0
280,1,2,0.5933333,0.0,0.13697837,0.46341464,0
281,2,2,0.56666666,0.33333334,0.304583,0.17073171,1
282,1,1,0.22,0.33333334,0.037093814,0.14634146,1
283,1,0,0.086666666,0.0,0.5998796,0.048780486,0
284,1,0,0.64666665,0.33333334,0.4738688,0.3902439,1
285,3,0,0.86,1.0,0.5176677,0.7804878,0
286,2,1,0.5733333,0.6666667,0.5104443,0.2682927,0
287,1,3,0.20666666,0.0,0.38160384,0.5121951,0
288,2,1,0.4,0.6666667,0.5329206,0.5121951,0
289,2,1,0.58,0.6666667,0.31788057,0.70731705,0
290,1,2,0.26666668,0.0,0.07190597,0.902439,1
291,2,0,0.42,0.6666667,0.8840509,0.902439,0
292,1,0,0.61333334,0.0,0.45137492,0.17073171,0
293,1,3,0.6066667,0.33333334,0.31789166,0.63414633,1
294,2,3,0.6,0.6666667,0.27257752,0.63414633,0
295,1,2,0.6,0.33333334,0.45144272,0.80487806,1
296,2,0,0.38,0.33333334,0.20400521,0.4878049,1
297,2,3,0.6533333,0.33333334,0.1372261,0.70731705,1
298,1,3,0.02,0.0,0.6434619,0.7804878,0
299,2,0,0.35333332,0.33333334,0.35100734,0.6585366,0
300,1,1,0.18,0.0,0.5814873,0.7804878,0
301,3,3,0.74666667,0.6666667,0.23811603,0.09756097,1
302,2,0,0.53333336,0.6666667,0.82588685,0.4390244,0
303,3,3,0.96,0.6666667,0.33438852,0.07317073,1
304,2,2,0.64,0.33333334,0.18357189,0.8292683,0
305,1,3,0.5733333,0.0,0.45944068,0.3902439,1
306,2,0,0.42666668,0.6666667,0.5085283,0.6585366,0
307,3,3,0.9,1.0,0.32485637,0.70731705,0
308,2,2,0.62,0.33333334,0.16797014,0.68292683,0
309,3,2,0.78,1.0,0.16787562,0.12195122,1
310,3,3,0.88666666,0.6666667,0.43018752,0.8292683,1
311,1,3,0.34,0.0,0.6262561,0.9756098,0
312,1,2,0.20666666,0.0,0.25039053,0.8780488,0
313,2,2,0.6,0.6666667,0.3095737,0.5609756,1
314,2,1,0.33333334,0.6666667,0.3203707,0.68292683,1
315,3,1,0.9866667,0.6666667,0.34310678,0.73170733,1
316,3,2,0.8933333,0.6666667,0.4251119,0.8292683,0
317,1,3,0.5,0.0,0.38845065,0.7804878,1
318,1,0,0.58,0.33333334,0.09255619,0.4878049,0
319,2,3,0.44,0.6666667,0.10329789,0.75609756,1
320,1,3,0.53333336,0.0,0.31949446,0.5365854,0
321,3,1,0.9,0.6666667,0.28615323,0.7804878,1
322,2,1,0.36,0.33333334,0.46908346,0.048780486,1
323,2,1,0.42,0.6666667,0.41697773,0.41463414,1
324,1,2,0.42666668,0.0,0.22107375,0.58536583,1
325,2,2,0.35333332,0.33333334,0.21211575,1.0,1
326,2,3,0.6533333,0.33333334,0.2789844,0.73170733,0
327,2,3,0.61333334,0.6666667,0.30919173,0.048780486,1
328,1,0,0.12666667,0.33333334,0.43093875,0.9512195,1
329,2,3,0.61333334,0.33333334,0.3771156,0.5609756,1
330,3,3,0.88,0.6666667,0.4742305,0.75609756,0
331,1,1,0.48,0.0,0.36810163,0.5121951,1
332,1,1,0.20666666,0.0,0.18994515,0.5365854,0
333,1,1,0.30666667,0.0,0.22875,0.024390243,1
334,2,1,0.66,0.33333334,0.031606518,0.63414633,1
335,2,1,0.56666666,0.33333334,0.42959347,1.0,0
336,2,0,0.46666667,0.6666667,0.30165118,0.024390243,1
337,1,0,0.44666666,0.33333334,0.22355983,0.6097561,0
338,1,0,0.61333334,0.0,0.52284014,0.3902439,0
339,2,1,0.62666667,0.33333334,0.06822825,0.9512195,1
340,2,2,0.38,0.6666667,0.4991784,0.7804878,0
341,3,1,0.8,1.0,0.36473045,0.19512194,1
342,1,1,0.22,0.33333334,0.07319895,0.9268293,1
343,2,0,0.6533333,0.33333334,0.0544014,0.68292683,0
344,2,1,0.62,0.33333334,0.5794699,1.0,0
345,2,0,0.42666668,0.33333334,0.86321265,0.6097561,0
346,2,1,0.54,0.33333334,0.3103087,0.8292683,0
347,2,3,0.43333334,0.33333334,0.25436735,0.58536583,1
348,3,2,0.99333334,1.0,0.18979523,0.5609756,1
349,1,2,0.093333334,0.0,0.16012362,0.29268292,0
350,1,0,0.6066667,0.33333334,0.2781543,0.14634146,1
351,2,3,0.66,0.33333334,0.2714338,0.85365856,1
352,2,2,0.42,0.6666667,0.15465243,0.46341464,1
353,1,0,0.22666667,0.33333334,0.47806653,0.0,1
354,1,1,0.11333334,0.33333334,0.20231453,0.17073171,0
355,1,1,0.58666664,0.0,0.43611696,0.36585367,0
356,3,3,0.70666665,0.6666667,0.30629256,0.31707317,1
357,1,2,0.093333334,0.0,0.4049743,0.2682927,0
358,1,1,0.26666668,0.33333334,0.087564714,0.5365854,0
359,1,0,0.046666667,0.33333334,0.67786455,0.34146342,0
360,1,1,0.58,0.33333334,0.34391895,0.6585366,1
361,1,1,0.28,0.33333334,0.58447915,0.80487806,1
362,2,2,0.47333333,0.33333334,0.14939593,0.024390243,1
363,1,2,0.13333334,0.33333334,0.19535121,0.75609756,0
364,3,0,0.9533333,1.0,0.38429856,0.5365854,1
365,1,3,0.28,0.33333334,0.2648224,0.5121951,1
366,2,3,0.42666668,0.33333334,0.19625336,0.58536583,0
367,3,1,0.92,0.6666667,0.24853119,0.5121951,1
368,2,0,0.55333334,0.33333334,0.35135192,0.5121951,1
369,2,3,0.53333336,0.6666667,0.6013446,1.0,0
370,1,3,0.56666666,0.0,0.42929637,0.12195122,0
371,1,1,0.61333334,0.0,0.16537502,0.34146342,0
372,2,0,0.46,0.6666667,0.16922122,0.8780488,1
373,3,3,0.73333335,0.6666667,0.15735522,0.7804878,1
374,2,2,0.62,0.33333334,0.34879008,0.17073171,1
375,2,2,0.33333334,0.6666667,0.53089887,0.09756097,0
376,2,1,0.50666666,0.6666667,0.703923,0.9268293,0
377,2,1,0.58,0.6666667,0.2839346,0.07317073,1
378,1,1,0.5,0.0,0.31481308,0.12195122,1
379,2,1,0.35333332,0.33333334,0.4704855,0.75609756,0
380,3,3,0.9066667,1.0,0.5918981,0.70731705,0
381,1,0,0.28666666,0.0,0.3768928,0.8292683,0
382,2,1,0.43333334,0.6666667,0.43863183,0.9512195,0
383,1,1,0.23333333,0.0,0.2651005,0.36585367,1
384,2,3,0.58,0.33333334,0.28671056,0.29268292,0
385,1,1,0.48,0.0,0.08371916,1.0,1
386,2,1,0.58,0.33333334,0.26267716,0.70731705,1
387,2,0,0.6666667,0.6666667,0.087082,0.4390244,1
388,1,2,0.15333334,0.33333334,0.4631488,0.3902439,0
389,2,1,0.39333335,0.6666667,0.06549009,0.4390244,0
390,2,3,0.54,0.6666667,0.19769907,0.6585366,0
391,3,0,0.93333334,1.0,0.25262913,0.6097561,0
392,1,3,0.49333334,0.0,0.26049837,0.8780488,1
393,1,0,0.45333335,0.0,0.18787542,0.6097561,0
394,1,0,0.58666664,0.33333334,0.34129202,0.5365854,0
395,3,1,0.9533333,1.0,0.4308598,0.19512194,1
396,3,1,0.68,0.6666667,0.5520506,0.2682927,0
397,2,1,0.48666668,0.6666667,0.32519862,0.0,1
398,3,2,0.93333334,0.6666667,0.26896152,0.0,1
399,2,2,0.66,0.6666667,0.34724522,0.80487806,1
400,2,3,0.42666668,0.6666667,0.37534854,0.75609756,1
401,1,1,0.36,0.33333334,0.047469117,0.58536583,1
402,2,2,0.46666667,0.6666667,0.18718381,0.9512195,1
403,1,1,0.06666667,0.33333334,0.37327212,0.0,1
404,3,2,0.8466667,0.6666667,0.24325694,0.36585367,1
405,2,2,0.33333334,0.33333334,0.6368542,0.9268293,0
406,2,0,0.6533333,0.6666667,0.46665564,0.09756097,0
407,1,1,0.5466667,0.33333334,0.19816951,0.5121951,0
408,1,1,0.6,0.33333334,0.74969816,0.68292683,0
409,1,2,0.0,0.0,0.21713006,0.048780486,1
410,1,1,0.6333333,0.0,0.2214294,0.2682927,0
411,1,2,0.15333334,0.0,0.08457173,0.6097561,1
412,3,1,0.7266667,0.6666667,0.22210239,0.36585367,0
413,2,0,0.52,0.6666667,0.14136168,0.8780488,0
414,1,1,0.14666666,0.0,0.483711,0.5121951,0
415,1,0,0.25333333,0.33333334,0.26395914,0.68292683,1
416,2,3,0.66,0.6666667,0.38980508,0.31707317,0
417,2,1,0.5,0.6666667,0.14920606,0.6585366,1
418,2,1,0.5133333,0.33333334,0.20607261,0.09756097,1
419,3,1,0.9866667,0.6666667,0.25440648,0.70731705,0
420,2,0,0.56666666,0.6666667,0.6375788,0.09756097,0
421,3,1,0.76666665,1.0,0.22087903,0.2682927,0
422,3,1,0.8933333,1.0,0.3319268,0.36585367,1
423,1,2,0.52,0.0,0.41837525,0.6097561,0
424,3,3,0.9066667,1.0,0.32816038,0.6097561,1
425,1,0,0.08,0.0,0.009295698,0.4878049,1
426,3,2,0.67333335,1.0,0.3003588,0.9268293,0
427,1,0,0.12666667,0.33333334,0.49893725,0.85365856,0
428,3,2,0.9533333,1.0,0.291862,0.7804878,1
429,3,3,0.6933333,1.0,0.19642687,0.70731705,1
430,3,2,0.82666665,0.6666667,0.40593037,0.8780488,1
431,2,0,0.62,0.33333334,0.067240395,0.5365854,0
432,1,1,0.29333332,0.33333334,0.2695603,0.2195122,1
433,1,1,0.006666667,0.33333334,0.16122718,0.09756097,0
434,2,3,0.37333333,0.6666667,0.2986821,0.85365856,1
435,1,0,0.62,0.33333334,0.33846778,0.80487806,1
436,2,0,0.34,0.33333334,0.5430648,0.73170733,0
437,1,0,0.5933333,0.0,0.15402803,0.2195122,1
438,3,3,0.8666667,1.0,0.26642424,0.4390244,0
439,2,1,0.42666668,0.6666667,0.13649704,0.75609756,0
440,3,2,0.9866667,1.0,0.40934592,0.0,1
441,1,3,0.36,0.33333334,0.060356297,0.09756097,0
442,3,2,0.8666667,0.6666667,0.2688473,0.07317073,0
443,3,1,0.72,1.0,0.31457838,0.36585367,1
444,2,3,0.48,0.33333334,0.24155515,0.5609756,0
445,2,1,0.6,0.6666667,0.7803328,0.36585367,0
446,2,2,0.47333333,0.6666667,0.41214553,0.024390243,0
447,1,0,0.10666667,0.0,0.3798007,0.6585366,1
448,2,0,0.46666667,0.33333334,0.71897995,0.75609756,0
449,1,2,0.25333333,0.0,0.08457573,0.63414633,1
450,1,0,0.12666667,0.0,0.49482352,0.46341464,1
451,1,2,0.18,0.0,0.28839552,0.5609756,0
452,1,3,0.17333333,0.0,0.2986821,0.2682927,0
453,1,3,0.23333333,0.0,0.09469406,0.8292683,0
454,1,3,0.46666667,0.0,0.3259775,0.7804878,1
455,3,0,0.8,0.6666667,0.5412805,0.7804878,0
456,2,1,0.56666666,0.33333334,0.56313473,0.8780488,0
457,3,0,0.92,1.0,0.3019397,0.2682927,0
458,2,0,0.5,0.33333334,0.67170376,0.048780486,0
459,1,1,0.25333333,0.33333334,0.15439065,0.0,0
460,2,1,0.49333334,0.6666667,0.29949817,0.7804878,1
461,2,1,0.54,0.33333334,0.3740969,0.9512195,1
462,1,1,0.42,0.0,0.1969401,0.2195122,0
463,2,0,0.64666665,0.33333334,0.43354237,0.68292683,0
464,1,2,0.5,0.0,0.26248974,0.29268292,0
465,2,3,0.54,0.6666667,0.5945478,0.2682927,0
466,2,2,0.64,0.6666667,0.38008833,0.73170733,1
467,1,0,0.22,0.0,0.5808749,0.024390243,0
468,1,1,0.44666666,0.33333334,0.35570577,0.8292683,1
469,2,3,0.45333335,0.6666667,0.21001138,0.5365854,1
470,2,3,0.6066667,0.33333334,0.921458,0.3902439,0
471,1,2,0.54,0.33333334,0.441162,0.6097561,1
472,3,0,0.74666667,1.0,0.36589932,0.17073171,1
473,1,0,0.13333334,0.0,0.18063386,0.68292683,1
474,2,0,0.55333334,0.33333334,0.084698096,0.6097561,1
475,3,3,0.88,0.6666667,0.5564705,0.2195122,0
476,1,2,0.39333335,0.33333334,0.6180196,0.6097561,0
477,1,3,0.24,0.33333334,0.37833753,0.80487806,1
478,1,3,0.47333333,0.0,0.23835295,0.9756098,0
479,1,1,0.31333333,0.33333334,0.15895784,0.14634146,0
480,1,2,0.31333333,0.33333334,0.38299567,0.07317073,0
481,2,1,0.36666667,0.33333334,0.54195964,0.24390244,0
482,1,0,0.27333334,0.0,0.161664,0.68292683,0
483,2,3,0.56,0.33333334,0.23815794,0.85365856,1
484,3,2,0.6933333,1.0,0.36470115,0.58536583,0
485,3,0,0.7733333,1.0,0.40750617,0.4878049,0
486,2,2,0.5733333,0.6666667,0.50589365,0.85365856,0
487,1,3,0.16,0.33333334,0.16054308,0.2195122,0
488,2,2,0.4,0.6666667,0.48466724,0.8780488,1
489,2,0,0.38,0.6666667,0.20217046,0.19512194,1
490,2,1,0.5133333,0.6666667,0.33925217,0.5609756,1
491,1,3,0.6066667,0.33333334,0.11943523,0.8292683,1
492,3,1,0.8,1.0,0.37489155,0.8292683,0
493,2,3,0.37333333,0.6666667,0.08285494,0.85365856,1
494,1,0,0.22666667,0.0,0.39743006,0.41463414,0
495,1,3,0.10666667,0.0,0.5427454,0.9268293,0
496,2,1,0.52666664,0.6666667,0.31945497,0.75609756,0
497,3,3,0.91333336,1.0,0.29349947,0.5609756,0
498,2,0,0.48,0.33333334,0.12553185,0.5365854,0
499,2,3,0.52,0.33333334,0.22448622,0.75609756,1
500,1,1,0.58666664,0.0,0.22357002,0.8780488,1
501,2,0,0.38666666,0.6666667,0.2904894,0.2682927,1
502,2,1,0.53333336,0.33333334,0.34383816,0.29268292,1
503,1,3,0.24666667,0.0,0.20727052,0.5365854,0
504,1,2,0.07333333,0.0,0.06801259,0.58536583,1
505,2,1,0.6533333,0.6666667,0.24817437,0.8292683,0
506,1,3,0.38666666,0.33333334,0.14949606,0.9756098,1
507,2,2,0.62666667,0.33333334,0.3729848,0.70731705,0
508,1,2,0.20666666,0.0,0.34082055,0.3902439,0
509,1,0,0.31333333,0.0,0.2727577,0.46341464,1
510,1,2,0.58,0.0,0.10463033,0.58536583,0
511,3,1,0.97333336,1.0,0.36515144,0.5121951,0
512,3,1,0.9,0.6666667,0.26542613,0.29268292,1
513,3,2,0.9866667,1.0,0.3155553,0.4390244,0
514,2,3,0.6066667,0.6666667,0.42703757,0.85365856,1
515,1,1,0.23333333,0.0,0.28090435,0.2682927,1
516,2,1,0.52,0.6666667,0.3695791,0.9756098,1
517,2,0,0.58666664,0.6666667,0.55556655,0.4390244,0
518,3,3,0.7733333,0.6666667,0.5144512,0.2682927,0
519,1,2,0.28666666,0.0,0.38439676,0.19512194,0
520,2,3,0.61333334,0.33333334,0.41300276,0.14634146,1
521,1,0,0.52666664,0.33333334,0.21480222,0.6585366,0
522,1,0,0.4,0.0,0.14343429,0.31707317,1
523,2,3,0.58,0.6666667,0.33550856,0.73170733,1
524,2,0,0.34666666,0.6666667,0.79907894,0.4390244,0
525,1,0,0.26666668,0.33333334,0.23540819,0.36585367,1
526,1,0,0.013333334,0.0,0.41358328,0.09756097,0
527,2,3,0.56,0.6666667,0.36390242,0.8292683,0
528,2,0,0.52666664,0.6666667,0.5379797,0.2682927,0
529,3,2,0.7866667,0.6666667,0.30408618,0.58536583,0
530,3,2,0.82666665,1.0,0.40689373,0.4878049,0
531,2,1,0.58,0.33333334,0.14077945,0.85365856,1
532,1,2,0.07333333,0.0,0.30786845,0.5365854,1
533,2,1,0.43333334,0.6666667,0.30999878,0.36585367,1
534,2,3,0.34,0.6666667,0.5202153,0.9268293,0
535,1,0,0.14666666,0.33333334,0.23550306,1.0,0
536,3,2,0.8466667,1.0,0.512002,0.9268293,0
537,1,1,0.64,0.33333334,0.038974877,0.31707317,1
538,3,3,0.93333334,1.0,0.34664565,0.73170733,0
539,2,1,0.6333333,0.33333334,0.5794282,0.09756097,1
540,2,0,0.5133333,0.6666667,0.43177423,0.8292683,1
541,2,2,0.42,0.6666667,0.2275504,0.5365854,0
542,3,3,0.88666666,1.0,0.23326822,0.68292683,0
543,2,1,0.4,0.33333334,0.3212183,0.24390244,1
544,2,3,0.35333332,0.6666667,0.23232922,0.41463414,0
545,1,1,0.6533333,0.33333334,0.3048841,0.2682927,1
546,2,1,0.44666666,0.33333334,0.30707833,0.19512194,0
547,1,0,0.56,0.0,0.4912552,0.2195122,0
548,2,0,0.58,0.6666667,0.48179388,0.3902439,1
549,2,1,0.5733333,0.6666667,0.16076864,0.902439,0
550,2,2,0.5,0.33333334,0.3751877,0.14634146,1
551,1,3,0.5133333,0.33333334,0.5000415,0.29268292,0
552,1,3,0.28,0.33333334,0.38563237,0.9512195,1
553,2,0,0.44666666,0.33333334,0.33919752,1.0,1
554,1,2,0.34666666,0.0,0.4947579,0.19512194,0
555,1,1,0.6,0.0,0.36892194,0.63414633,1
556,1,0,0.07333333,0.33333334,0.10524899,0.024390243,0
557,3,1,0.94,1.0,0.3079756,0.09756097,0
558,2,1,0.44,0.6666667,0.23249315,0.68292683,0
559,1,0,0.31333333,0.33333334,0.35264993,0.8780488,1
560,1,2,0.38666666,0.33333334,0.35103256,0.902439,1
561,1,3,0.58,0.33333334,0.4095965,0.4390244,0
562,2,0,0.36,0.33333334,0.63135767,0.17073171,0
563,2,2,0.61333334,0.33333334,0.39597645,0.0,1
564,1,1,0.18,0.0,0.30801275,0.5121951,0
565,1,0,0.11333334,0.0,0.31370178,0.3902439,0
566,1,3,0.52666664,0.0,0.24032043,0.14634146,1
567,2,3,0.5466667,0.33333334,0.2100793,0.58536583,0
568,2,1,0.42666668,0.33333334,0.4185154,0.07317073,1
569,1,0,0.026666667,0.33333334,0.28348207,0.85365856,0
570,1,3,0.56,0.0,0.36869532,0.12195122,1
571,1,0,0.5733333,0.33333334,0.55673623,0.73170733,0
572,3,3,0.91333336,1.0,0.47365797,0.4390244,0
573,1,1,0.6333333,0.0,0.3943515,0.9268293,1
574,2,1,0.56666666,0.6666667,0.6434241,0.63414633,0
575,2,0,0.50666666,0.6666667,0.23741445,0.2195122,1
576,1,2,0.35333332,0.33333334,0.13307247,0.6097561,0
577,1,2,0.48666668,0.33333334,0.13145448,0.4390244,1
578,1,1,0.52666664,0.0,0.13821949,0.9268293,1
579,2,3,0.5133333,0.33333334,0.31808433,0.048780486,1
580,2,2,0.35333332,0.6666667,0.44257176,0.29268292,1
581,2,1,0.38666666,0.6666667,0.06746913,0.6585366,0
582,2,3,0.5733333,0.6666667,0.32067016,0.46341464,0
583,1,3,0.64666665,0.0,0.11143775,0.6585366,1
584,3,2,0.70666665,0.6666667,0.14738443,0.17073171,1
585,2,1,0.58666664,0.6666667,0.14653467,0.9756098,1
586,1,3,0.12,0.33333334,0.039704278,0.9268293,0
587,3,3,0.88666666,0.6666667,0.24879654,0.0,0
588,2,0,0.34,0.33333334,0.74463016,0.048780486,0
589,2,0,0.49333334,0.6666667,0.48179388,0.29268292,0
590,2,2,0.42666668,0.6666667,0.30687273,0.6585366,1
591,3,0,0.84,1.0,0.22107375,0.58536583,1
592,2,1,0.6066667,0.6666667,0.15773368,0.7804878,1
593,1,2,0.12666667,0.33333334,0.8283364,0.902439,0
594,1,2,0.26,0.0,0.4567317,0.12195122,0
595,3,0,0.88666666,0.6666667,0.26191863,0.75609756,0
596,1,3,0.5,0.33333334,0.25251836,0.4878049,1
597,1,1,0.37333333,0.33333334,0.30539832,0.36585367,1
598,2,1,0.35333332,0.6666667,0.08444114,0.4878049,0
599,2,1,0.64,0.6666667,0.35295057,0.24390244,1
600,2,2,0.42666668,0.33333334,0.2231682,0.8780488,0
601,3,1,0.91333336,1.0,0.5177819,0.85365856,0
602,1,3,0.5733333,0.33333334,0.33038706,0.8292683,1
603,1,3,0.22666667,0.33333334,0.78663784,0.4390244,0
604,1,0,0.026666667,0.0,0.35744825,0.46341464,1
605,3,1,0.85333335,1.0,0.33816755,0.41463414,0
606,2,2,0.35333332,0.6666667,0.3760247,0.9756098,1
607,1,0,0.06,0.0,0.19145656,0.31707317,1
608,3,3,0.78,1.0,0.29953176,0.34146342,1
609,3,1,0.87333333,1.0,0.4209895,0.73170733,0
610,3,3,0.82,1.0,0.31945497,0.0,0
611,3,0,0.8066667,0.6666667,0.2124575,0.048780486,1
612,1,3,0.5,0.33333334,0.19096126,0.36585367,1
613,2,1,0.61333334,0.6666667,0.091348745,0.5365854,0
614,2,1,0.37333333,0.6666667,0.6607355,0.24390244,0
615,3,0,0.8333333,1.0,0.32815754,0.2682927,0
616,2,1,0.46,0.6666667,0.4063962,0.2195122,1
617,2,3,0.52666664,0.6666667,0.30950457,0.75609756,0
618,2,3,0.6,0.33333334,0.564468,0.36585367,0
619,1,2,0.033333335,0.0,0.5335328,0.17073171,1
620,2,2,0.46,0.6666667,0.3313906,0.902439,0
621,3,2,0.68,0.6666667,0.3418044,0.2682927,0
622,3,3,0.98,1.0,0.47240993,0.5609756,0
623,1,3,0.17333333,0.33333334,0.28915033,0.6585366,1
624,1,0,0.26,0.0,0.101788655,0.17073171,1
625,1,2,0.3,0.33333334,0.2083066,0.6585366,1
626,2,3,0.44666666,0.6666667,0.48694113,0.85365856,1
627,3,0,0.78,1.0,0.16313867,0.6097561,1
628,1,3,0.41333333,0.33333334,0.25855708,0.17073171,1
629,2,0,0.45333335,0.6666667,0.31859726,0.6585366,1
630,3,2,0.8,1.0,0.4004958,0.6585366,0
631,2,2,0.6533333,0.33333334,0.41582716,0.8780488,0
632,2,2,0.52,0.6666667,0.112132005,0.9756098,1
633,2,3,0.53333336,0.33333334,0.1420012,0.85365856,0
634,2,3,0.50666666,0.6666667,0.41628096,0.63414633,0
635,1,0,0.42,0.33333334,0.29680926,0.3902439,1
636,2,1,0.43333334,0.33333334,0.07737027,0.19512194,0
637,2,1,0.58666664,0.6666667,0.08250688,0.7804878,0
638,3,2,0.72,1.0,0.29398197,0.46341464,0
639,2,1,0.64,0.6666667,0.6253164,0.29268292,0
640,2,2,0.37333333,0.33333334,0.50144696,0.6585366,0
641,1,0,0.6066667,0.33333334,0.10310699,0.68292683,1
642,2,1,0.38666666,0.33333334,0.1249343,0.29268292,1
643,1,1,0.16666667,0.33333334,0.60551894,0.8292683,1
644,1,2,0.14666666,0.0,0.61616904,0.12195122,0
645,2,0,0.52,0.6666667,0.45341575,0.41463414,1
646,3,1,0.92,1.0,0.57033014,0.09756097,0
647,1,1,0.013333334,0.33333334,0.4088704,0.58536583,0
648,2,1,0.5133333,0.6666667,0.5867075,0.024390243,0
649,3,0,0.8666667,0.6666667,0.27322495,0.2195122,0
650,1,0,0.006666667,0.33333334,0.112326525,0.70731705,1
651,2,1,0.64666665,0.33333334,0.14031066,0.09756097,1
652,2,2,0.44666666,0.6666667,0.20809472,0.7804878,0
653,2,2,0.52666664,0.33333334,0.24881504,0.0,1
654,1,1,0.53333336,0.33333334,0.24415603,0.41463414,0
655,1,0,0.58666664,0.0,0.37418535,0.75609756,1
656,2,1,0.4,0.33333334,0.46103197,0.24390244,1
657,2,0,0.54,0.6666667,0.1682669,0.4878049,0
658,1,1,0.21333334,0.0,0.23137371,0.6097561,1
659,2,0,0.4,0.33333334,0.30593774,0.58536583,0
660,1,3,0.44666666,0.0,0.18876322,0.5121951,1
661,2,2,0.56,0.6666667,0.6977652,0.63414633,0
662,1,3,0.42,0.0,0.12633468,0.29268292,0
663,3,2,0.92,1.0,0.25979483,0.7804878,1
664,1,0,0.14,0.0,0.49914372,0.80487806,1
665,1,3,0.41333333,0.33333334,0.10412033,0.9756098,0
666,1,2,0.6666667,0.0,0.16946976,0.8292683,1
667,1,1,0.31333333,0.0,0.4829554,0.0,1
668,3,0,0.81333333,0.6666667,0.3773593,0.4878049,0
669,3,0,0.73333335,0.6666667,0.3054615,0.12195122,0
670,1,1,0.6333333,0.0,0.16986556,0.6585366,1
671,2,1,0.58666664,0.6666667,0.10899391,0.3902439,0
672,2,2,0.61333334,0.6666667,0.17958972,0.09756097,0
673,3,0,0.67333335,0.6666667,0.35725018,0.73170733,0
674,2,2,0.33333334,0.33333334,0.19679819,0.09756097,1
675,1,1,0.5466667,0.33333334,0.25257215,0.902439,1
676,2,0,0.34666666,0.6666667,0.45762196,0.048780486,0
677,2,1,0.5133333,0.33333334,0.1803223,0.5365854,1
678,1,2,0.42,0.33333334,0.44714686,0.8780488,0
679,2,2,0.6066667,0.6666667,0.44889364,0.8780488,1
680,1,2,0.6533333,0.0,0.1782953,0.2195122,0
681,2,0,0.58666664,0.6666667,0.55997175,0.2195122,0
682,1,1,0.32666665,0.33333334,0.18764785,0.4390244,1
683,2,1,0.45333335,0.6666667,0.20764865,0.3902439,0
684,2,2,0.47333333,0.6666667,0.2577127,0.4878049,1
685,2,2,0.44666666,0.33333334,0.18985344,0.31707317,1
686,1,2,0.42,0.33333334,0.19755454,0.19512194,0
687,2,2,0.64,0.33333334,0.87472415,0.0,0
688,2,3,0.34666666,0.6666667,0.27076647,0.29268292,1
689,2,3,0.58,0.33333334,0.33872294,0.07317073,0
690,2,3,0.46666667,0.33333334,0.19055341,0.0,0
691,2,2,0.42666668,0.6666667,0.26168644,0.9512195,0
692,3,2,0.9866667,1.0,0.31939238,0.75609756,0
693,1,1,0.42666668,0.0,0.22483364,0.80487806,0
694,3,0,0.78,1.0,0.30612108,0.6585366,1
695,2,1,0.46,0.33333334,0.441162,0.73170733,1
696,1,3,0.42,0.33333334,0.5047631,0.17073171,0
697,1,1,0.58,0.0,0.5768651,0.9268293,0
698,1,2,0.49333334,0.33333334,0.22682743,0.6097561,0
699,2,3,0.40666667,0.6666667,0.29435572,0.80487806,1
700,2,3,0.42666668,0.33333334,0.32519984,0.048780486,0
701,2,0,0.46666667,0.6666667,0.4680826,0.2682927,1
702,2,0,0.38,0.33333334,0.3949381,0.0,1
703,2,3,0.58,0.6666667,0.09059848,0.09756097,1
704,1,3,0.61333334,0.33333334,0.27496308,0.70731705,0
705,1,1,0.2,0.33333334,0.015744258,0.70731705,1
706,2,3,0.45333335,0.6666667,0.5468634,0.3902439,0
707,1,2,0.23333333,0.33333334,0.44811475,0.5365854,1
708,1,1,0.6333333,0.33333334,0.4110273,0.34146342,0
709,2,2,0.52666664,0.6666667,0.10036108,0.8780488,1
710,2,2,0.56,0.6666667,0.92373425,0.4878049,0
711,3,2,0.8666667,1.0,0.30567816,0.31707317,1
712,3,3,0.93333334,1.0,0.24324645,0.024390243,0
713,2,0,0.56666666,0.6666667,0.3769491,0.24390244,0
714,2,0,0.52666664,0.33333334,0.7316135,0.9268293,0
715,2,2,0.33333334,0.33333334,0.40659073,0.902439,0
716,2,3,0.38,0.6666667,0.1972146,0.80487806,1
717,1,1,0.026666667,0.33333334,0.3905815,0.902439,1
718,2,2,0.58666664,0.33333334,0.7734275,0.80487806,0
719,3,1,0.8066667,1.0,0.27720428,0.41463414,1
720,1,1,0.5733333,0.33333334,0.27947244,0.70731705,0
721,2,3,0.5733333,0.33333334,0.34661692,0.34146342,0
722,2,3,0.5133333,0.6666667,0.26286453,0.63414633,1
723,1,0,0.5733333,0.0,0.17848139,0.80487806,0
724,1,0,0.62666667,0.33333334,0.44377849,0.902439,0
725,1,3,0.26,0.33333334,0.48805046,0.7804878,1
726,1,2,0.50666666,0.33333334,0.06777671,0.5609756,0
727,1,0,0.053333335,0.0,0.33371186,0.34146342,0
728,3,1,1.0,0.6666667,0.5356614,0.70731705,0
729,1,2,0.046666667,0.33333334,0.5529536,1.0,0
730,2,1,0.34666666,0.33333334,0.15380497,0.3902439,1
731,1,3,0.58666664,0.33333334,0.40378335,0.09756097,1
732,3,1,0.74,0.6666667,0.37394884,0.68292683,1
733,1,2,0.37333333,0.33333334,0.70457804,0.07317073,0
734,2,3,0.6066667,0.33333334,0.4881083,0.2195122,0
735,3,2,0.84,1.0,0.3245721,0.3902439,1
736,3,1,0.8333333,0.6666667,0.50133103,0.2195122,0
737,1,2,0.5733333,0.0,0.609569,0.3902439,0
738,3,3,0.87333333,1.0,0.4908879,0.46341464,0
739,2,1,0.37333333,0.6666667,0.43552727,0.5609756,0
740,2,1,0.5733333,0.6666667,0.39551294,0.09756097,1
741,1,0,0.31333333,0.0,0.49684104,0.80487806,1
742,1,0,0.006666667,0.0,0.26640514,0.12195122,1
743,2,2,0.44666666,0.33333334,0.18144748,0.024390243,0
744,2,0,0.6066667,0.6666667,0.33428133,0.29268292,1
745,2,0,0.66,0.33333334,0.4146359,0.24390244,1
746,2,0,0.44,0.6666667,0.13528515,0.5365854,0
747,2,0,0.6333333,0.33333334,0.014048184,0.36585367,0
748,1,3,0.16666667,0.33333334,0.30799156,0.73170733,1
749,2,3,0.66,0.33333334,0.51074004,0.24390244,1
750,1,0,0.34666666,0.0,0.289888,0.36585367,1
751,2,2,0.5733333,0.33333334,0.2875916,0.17073171,1
752,2,3,0.5466667,0.33333334,0.20248562,0.07317073,0
753,3,0,0.68,1.0,0.37686282,0.9512195,1
754,1,3,0.033333335,0.0,0.13338776,0.07317073,1
755,1,1,0.086666666,0.33333334,0.17001519,0.58536583,0
756,1,3,0.27333334,0.0,0.11068018,0.048780486,1
757,1,3,0.28666666,0.33333334,0.06058196,0.75609756,0
758,1,2,0.19333333,0.0,0.3543271,0.048780486,0
759,3,3,0.67333335,1.0,0.35781783,0.63414633,0
760,1,2,0.40666667,0.33333334,0.26376432,0.68292683,1
761,1,1,0.28666666,0.33333334,0.34243867,0.75609756,1
762,2,0,0.66,0.33333334,0.54377764,0.4390244,0
763,2,2,0.46,0.6666667,0.4825303,0.4878049,1
764,2,3,0.6333333,0.6666667,0.11293194,0.09756097,1
765,1,3,0.22666667,0.0,0.5440258,0.41463414,0
766,2,2,0.64666665,0.33333334,0.22669601,0.6585366,0
767,1,1,0.64,0.33333334,0.31641665,1.0,1
768,1,0,0.033333335,0.0,0.2122489,0.5121951,0
769,3,3,0.76,1.0,0.30348787,0.4878049,1
770,1,1,0.17333333,0.33333334,0.16505691,0.12195122,1
771,2,0,0.52666664,0.33333334,0.1693725,0.0,1
772,2,0,0.6533333,0.6666667,0.0751798,0.09756097,1
773,1,3,0.26666668,0.0,0.48417795,0.9756098,0
774,3,2,0.86,0.6666667,0.43643147,0.2682927,0
775,1,3,0.38666666,0.33333334,0.48570573,0.6097561,0
776,2,3,0.48,0.33333334,0.24915941,0.80487806,0
777,3,3,0.81333333,0.6666667,0.18625973,0.31707317,1
778,2,1,0.35333332,0.6666667,0.15625873,0.6097561,1
779,3,2,0.7733333,1.0,0.26630044,0.63414633,0
780,1,1,0.58,0.0,0.367285,0.19512194,1
781,2,3,0.6533333,0.6666667,0.23560026,0.6097561,1
782,1,2,0.26,0.0,0.25458944,0.5121951,1
783,2,0,0.52666664,0.33333334,0.0,0.70731705,0
784,3,2,0.93333334,0.6666667,0.5435887,0.3902439,0
785,1,3,0.54,0.0,0.45347425,0.6097561,0
786,2,2,0.56,0.33333334,0.043399293,0.85365856,1
787,1,0,0.10666667,0.33333334,0.30555043,0.0,0
788,2,0,0.64666665,0.6666667,0.37737298,0.17073171,0
789,2,2,0.34,0.33333334,0.039821345,0.8292683,0
790,3,0,0.8466667,0.6666667,0.5168341,0.34146342,0
791,2,1,0.56666666,0.6666667,0.14669731,0.5121951,0
792,1,2,0.14,0.0,0.14881843,0.31707317,0
793,1,0,0.19333333,0.33333334,0.26960152,0.6097561,1
794,1,0,0.16,0.0,0.09081161,0.6585366,1
795,1,2,0.27333334,0.0,0.39078072,0.5365854,0
796,1,1,0.04,0.0,0.17224275,0.31707317,0
797,3,2,0.9533333,0.6666667,0.28496087,0.5609756,1
798,2,0,0.61333334,0.6666667,0.13523163,0.024390243,1
799,2,2,0.40666667,0.33333334,0.20081374,0.6097561,0
800,1,0,0.06666667,0.0,0.21178709,0.31707317,0
801,3,3,0.84,0.6666667,0.40523013,0.14634146,0
802,2,2,0.55333334,0.33333334,0.3225373,0.048780486,0
803,1,2,0.24666667,0.33333334,0.42324376,0.5365854,1
804,2,0,0.6066667,0.6666667,0.301538,0.41463414,0
805,2,0,0.46,0.33333334,0.37611732,0.902439,0
806,1,0,0.02,0.0,0.75870043,0.8292683,0
807,2,0,0.5933333,0.33333334,0.23116525,0.34146342,0
808,2,2,0.44666666,0.6666667,0.41190758,0.58536583,1
809,1,0,0.38666666,0.0,0.28724697,0.8780488,1
810,3,2,0.78,0.6666667,0.39417687,0.6585366,1
811,3,1,0.74666667,1.0,0.35218486,0.2195122,0
812,2,2,0.58666664,0.33333334,0.59900844,0.9268293,0
813,2,0,0.42,0.6666667,0.27074906,0.3902439,1
814,2,0,0.39333335,0.33333334,0.12379112,0.9268293,0
815,2,1,0.50666666,0.33333334,0.69745094,0.5121951,0
816,2,2,0.61333334,0.6666667,0.46292,0.6097561,1
817,1,1,0.38,0.33333334,0.31712607,0.58536583,1
818,2,2,0.55333334,0.6666667,0.21413982,0.3902439,1
819,3,0,0.85333335,0.6666667,0.38217172,0.29268292,1
820,2,2,0.48666668,0.6666667,0.27584094,0.46341464,0
821,1,0,0.48,0.0,0.23897597,0.58536583,0
822,2,0,0.46,0.33333334,0.35713896,0.07317073,1
823,1,3,0.30666667,0.33333334,0.37891337,0.2195122,0
824,1,3,0.38666666,0.0,0.12604402,0.048780486,1
825,1,2,0.16,0.0,0.19262922,0.9756098,1
826,1,0,0.4,0.0,0.68372166,0.41463414,0
827,2,1,0.41333333,0.6666667,0.29059052,0.85365856,1
828,2,0,0.56666666,0.6666667,0.08872162,0.5121951,0
829,1,1,0.64666665,0.0,0.08502656,0.80487806,0
830,3,2,0.96,0.6666667,0.2442184,0.17073171,0
831,3,2,0.84,1.0,0.47035873,0.9512195,0
832,3,1,0.75333333,1.0,0.2121131,0.4390244,1
833,1,1,0.49333334,0.33333334,0.8510818,1.0,0
834,2,0,0.36666667,0.6666667,0.30582705,0.9756098,1
835,3,2,0.79333335,0.6666667,0.2706658,0.8780488,1
836,2,0,0.58,0.33333334,0.33371186,0.12195122,1
837,1,1,0.32666665,0.0,0.34957838,0.6097561,1
838,1,3,0.47333333,0.0,0.544404,0.80487806,0
839,2,3,0.43333334,0.6666667,0.43859962,0.12195122,0
840,3,3,0.84,1.0,0.16328071,0.8780488,1
841,2,1,0.48,0.6666667,0.2076637,0.7804878,1
842,2,0,0.5466667,0.6666667,0.38258487,0.5121951,0
843,1,2,0.16,0.0,0.48936784,0.4878049,1
844,2,1,0.33333334,0.6666667,0.6431235,0.12195122,0
845,3,3,0.8666667,0.6666667,0.3051686,0.12195122,1
846,1,0,0.33333334,0.0,0.5059782,0.07317073,0
847,2,2,0.35333332,0.6666667,0.11570815,0.70731705,1
848,3,2,0.99333334,1.0,0.12990598,0.24390244,1
849,1,1,0.14,0.0,0.76514685,0.70731705,0
850,2,1,0.56,0.6666667,0.3909704,0.73170733,1
851,1,2,0.56,0.33333334,0.25961807,0.5609756,1
852,2,2,0.43333334,0.6666667,0.75138056,0.19512194,0
853,2,3,0.38,0.33333334,0.4327851,0.048780486,1
854,2,2,0.37333333,0.6666667,1.0,0.73170733,0
855,2,1,0.4,0.33333334,0.41344833,0.9512195,0
856,1,0,0.14666666,0.33333334,0.43013778,0.8780488,1
857,3,3,0.8466667,0.6666667,0.38599253,0.85365856,1
858,2,3,0.36,0.6666667,0.37331325,0.5609756,1
859,1,2,0.16,0.33333334,0.17742078,0.73170733,1
860,2,0,0.58666664,0.6666667,0.30057445,0.12195122,1
861,2,3,0.56666666,0.6666667,0.14104089,0.024390243,1
862,1,1,0.34,0.0,0.26962823,0.46341464,1
863,3,2,0.8,0.6666667,0.36678475,0.6585366,0
864,3,1,0.96,1.0,0.33491424,0.24390244,1
865,1,2,0.53333336,0.0,0.46823636,0.07317073,0
866,3,3,0.76666665,0.6666667,0.28357014,0.34146342,1
867,1,2,0.21333334,0.33333334,0.027521014,0.12195122,1
868,1,0,0.18,0.0,0.9226677,0.70731705,0
869,1,1,0.52,0.0,0.09576084,0.902439,1
870,3,0,0.91333336,1.0,0.3165846,0.024390243,1
871,2,1,0.45333335,0.33333334,0.17224275,0.34146342,0
872,1,1,0.12,0.0,0.31137022,0.24390244,1
873,2,2,0.35333332,0.33333334,0.064350545,0.17073171,1
874,2,3,0.6666667,0.33333334,0.02810282,0.6097561,1
875,1,3,0.27333334,0.0,0.39261255,0.09756097,0
876,3,0,0.7266667,1.0,0.2900441,0.12195122,1
877,3,2,0.92,0.6666667,0.2973508,0.6097561,1
878,2,3,0.38,0.33333334,0.13642354,0.07317073,1
879,3,1,0.76666665,0.6666667,0.16244015,0.4390244,1
880,2,1,0.66,0.6666667,0.2903237,0.46341464,0
881,3,2,0.9,0.6666667,0.3563995,0.7804878,0
882,2,0,0.35333332,0.33333334,0.31683668,0.46341464,1
883,2,2,0.55333334,0.33333334,0.2013957,0.2682927,1
884,1,0,0.35333332,0.33333334,0.45789984,0.0,0
885,3,2,0.72,1.0,0.35293242,0.6097561,0
886,2,1,0.48,0.6666667,0.13189736,0.31707317,1
887,1,2,0.18,0.33333334,0.16356023,0.902439,0
888,1,3,0.17333333,0.0,0.4802232,0.8780488,1
889,2,3,0.52666664,0.6666667,0.4025613,0.24390244,0
890,2,2,0.39333335,0.33333334,0.30311564,0.85365856,0
891,2,0,0.5466667,0.6666667,0.5420467,0.29268292,0
892,3,0,0.81333333,1.0,0.2911717,0.048780486,0
893,1,1,0.15333334,0.0,0.45255205,0.7804878,1
894,2,1,0.43333334,0.33333334,0.19749032,0.12195122,0
895,1,0,0.12,0.33333334,0.32290468,0.2195122,0
896,3,2,0.88666666,1.0,0.3844788,0.09756097,1
897,3,1,0.75333333,1.0,0.3624828,0.5365854,0
898,2,0,0.52,0.33333334,0.6564778,0.2195122,0
899,2,0,0.64,0.33333334,0.37299955,0.024390243,1
900,1,2,0.10666667,0.0,0.5061821,0.29268292,0
901,2,3,0.36666667,0.33333334,0.23275174,0.9512195,1
902,3,0,0.76666665,1.0,0.3106012,0.024390243,1
903,2,1,0.58666664,0.6666667,0.2537872,0.46341464,1
904,1,2,0.29333332,0.0,0.2537872,0.0,1
905,2,2,0.61333334,0.33333334,0.43275565,0.8780488,0
906,3,2,0.92,0.6666667,0.3131734,0.19512194,1
907,1,3,0.30666667,0.0,0.6021716,0.3902439,0
908,1,3,0.16666667,0.0,0.017390708,0.19512194,0
909,2,1,0.5466667,0.6666667,0.06003318,0.24390244,0
910,3,1,0.9533333,0.6666667,0.32081345,0.34146342,0
911,1,2,0.19333333,0.0,0.47617087,0.5609756,0
912,1,1,0.18,0.33333334,0.740027,0.902439,0
913,1,0,0.46,0.0,0.33193782,0.8292683,0
914,1,3,0.14666666,0.33333334,0.352146,0.70731705,0
915,2,2,0.36666667,0.6666667,0.25333852,0.73170733,0
916,2,2,0.49333334,0.33333334,0.77923506,0.09756097,0
917,2,0,0.50666666,0.6666667,0.37704486,0.31707317,1
918,2,0,0.42,0.33333334,0.36824065,0.24390244,1
919,1,0,0.43333334,0.0,0.5149602,0.19512194,1
920,3,0,0.70666665,0.6666667,0.5672836,0.80487806,0
921,2,2,0.54,0.6666667,0.2934563,0.2682927,1
922,3,3,0.7733333,0.6666667,0.30567816,0.8292683,1
923,2,3,0.34666666,0.33333334,0.4253119,0.8292683,1
924,1,0,0.29333332,0.33333334,0.8468075,0.0,0
925,2,1,0.42,0.33333334,0.046448924,0.9512195,0
926,1,2,0.26,0.33333334,0.3960138,0.5121951,0
927,2,3,0.54,0.6666667,0.22490618,0.68292683,0
928,1,0,0.3,0.0,0.27404174,0.17073171,1
929,1,1,0.07333333,0.33333334,0.3147254,0.24390244,1
930,3,1,0.98,0.6666667,0.3046732,0.9756098,1
931,1,0,0.42666668,0.33333334,0.43602532,0.8780488,1
932,3,2,0.81333333,0.6666667,0.48248962,0.31707317,0
933,1,3,0.17333333,0.33333334,0.396568,0.70731705,0
934,2,1,0.53333336,0.6666667,0.3174634,0.8292683,0
935,2,3,0.34,0.33333334,0.09840445,0.4878049,1
936,2,3,0.36,0.6666667,0.86178696,0.8780488,0
937,1,1,0.56,0.0,0.6170143,0.09756097,0
938,1,0,0.23333333,0.0,0.16871679,0.4390244,1
939,1,1,0.046666667,0.33333334,0.19974253,0.31707317,1
940,1,1,0.45333335,0.0,0.13502225,0.6097561,0
941,2,2,0.5466667,0.33333334,0.36046985,0.07317073,0
942,3,3,0.8466667,0.6666667,0.40574002,0.58536583,0
943,3,0,0.99333334,1.0,0.48864993,1.0,0
944,2,3,0.58666664,0.33333334,0.20661463,0.58536583,0
945,2,1,0.34666666,0.6666667,0.9623243,0.41463414,0
946,2,0,0.36666667,0.33333334,0.39404264,0.9512195,1
947,1,0,0.46666667,0.33333334,0.28440112,0.17073171,1
948,3,0,0.94,1.0,0.3057409,0.9268293,1
949,2,0,0.47333333,0.33333334,0.51754194,0.9512195,0
950,2,2,0.5933333,0.6666667,0.45049772,0.31707317,1
951,1,0,0.42666668,0.0,0.09835782,0.75609756,0
952,2,1,0.46666667,0.6666667,0.24023347,0.902439,0
953,2,2,0.35333332,0.33333334,0.24921145,0.7804878,1
954,3,1,0.97333336,1.0,0.3415148,0.5365854,0
955,2,1,0.49333334,0.33333334,0.37043875,0.34146342,0
956,1,3,0.5466667,0.33333334,0.28516468,0.7804878,1
957,3,0,0.88666666,0.6666667,0.2954638,0.58536583,1
958,1,0,0.20666666,0.33333334,0.29212812,0.3902439,1
959,2,1,0.44,0.6666667,0.652474,0.7804878,0
960,1,0,0.44666666,0.33333334,0.3920115,0.024390243,1
961,2,2,0.34666666,0.6666667,0.308036,0.31707317,1
962,3,3,0.7133333,0.6666667,0.4880199,0.9512195,0
963,1,0,0.5933333,0.0,0.052758396,0.9512195,1
964,3,0,0.99333334,1.0,0.2706658,0.9268293,1
965,1,2,0.053333335,0.0,0.11943523,0.12195122,1
966,3,3,0.91333336,1.0,0.30936545,0.12195122,0
967,2,2,0.41333333,0.6666667,0.2441787,0.048780486,0
968,3,1,0.7133333,0.6666667,0.4383162,0.14634146,0
969,1,1,0.58666664,0.0,0.35635713,0.17073171,0
970,3,0,0.81333333,1.0,0.1912645,1.0,1
971,2,3,0.4,0.33333334,0.6775158,0.34146342,0
972,1,1,0.16666667,0.0,0.56134266,0.68292683,0
